shared name,nodeType
bat_wt,pheno
cal_cum,pheno
fat_mass,pheno
fat_percent,pheno
fecal_CHL,pheno
HOMA,pheno
lv_TAG,pheno
lv_wt,pheno
mes_wt,pheno
pla_CHL,pheno
pla_HDL,pheno
pla_INS,pheno
pla_LDL,pheno
pla_LEP,pheno
subq_wt,pheno
wt,pheno
wt_gained,DEP
ASV_102,micro
ASV_105,micro
ASV_107,micro
ASV_115,micro
ASV_117,micro
ASV_125,micro
ASV_127,micro
ASV_131,micro
ASV_132,micro
ASV_133,micro
ASV_134,micro
ASV_135,micro
ASV_136,micro
ASV_137,micro
ASV_138,micro
ASV_14,micro
ASV_143,micro
ASV_145,micro
ASV_146,micro
ASV_150,micro
ASV_151,micro
ASV_153,micro
ASV_161,micro
ASV_165,micro
ASV_174,micro
ASV_175,micro
ASV_179,micro
ASV_183,micro
ASV_198,micro
ASV_2,micro
ASV_20,micro
ASV_220,micro
ASV_23,micro
ASV_24,micro
ASV_26,micro
ASV_27,micro
ASV_28,micro
ASV_29,micro
ASV_30,micro
ASV_31,micro
ASV_32,micro
ASV_33,micro
ASV_34,micro
ASV_35,micro
ASV_36,micro
ASV_37,micro
ASV_39,micro
ASV_40,micro
ASV_42,micro
ASV_43,micro
ASV_46,micro
ASV_47,micro
ASV_48,micro
ASV_49,micro
ASV_51,micro
ASV_52,micro
ASV_53,micro
ASV_54,micro
ASV_56,micro
ASV_59,micro
ASV_6,micro
ASV_61,IND
ASV_63,micro
ASV_64,micro
ASV_65,micro
ASV_66,micro
ASV_69,micro
ASV_7,micro
ASV_70,micro
ASV_72,micro
ASV_74,micro
ASV_75,micro
ASV_76,micro
ASV_77,micro
ASV_78,micro
ASV_79,micro
ASV_8,micro
ASV_80,micro
ASV_81,micro
ASV_85,micro
ASV_91,micro
ASV_92,micro
ASV_93,micro
ASV_94,micro
ASV_95,micro
L_ENSMUSG00000000303,liv
L_ENSMUSG00000000594,liv
L_ENSMUSG00000002475,liv
L_ENSMUSG00000002550,liv
L_ENSMUSG00000004221,liv
L_ENSMUSG00000006373,liv
L_ENSMUSG00000006777,liv
L_ENSMUSG00000006818,liv
L_ENSMUSG00000010025,liv
L_ENSMUSG00000012187,liv
L_ENSMUSG00000020102,liv
L_ENSMUSG00000020122,liv
L_ENSMUSG00000020926,liv
L_ENSMUSG00000021213,liv
L_ENSMUSG00000021236,liv
L_ENSMUSG00000021792,liv
L_ENSMUSG00000021947,liv
L_ENSMUSG00000021996,liv
L_ENSMUSG00000022181,liv
L_ENSMUSG00000022215,liv
L_ENSMUSG00000022332,liv
L_ENSMUSG00000022841,liv
L_ENSMUSG00000022875,liv
L_ENSMUSG00000023057,liv
L_ENSMUSG00000023791,liv
L_ENSMUSG00000024029,liv
L_ENSMUSG00000024391,liv
L_ENSMUSG00000024423,liv
L_ENSMUSG00000024526,liv
L_ENSMUSG00000024537,liv
L_ENSMUSG00000024924,liv
L_ENSMUSG00000025396,liv
L_ENSMUSG00000025825,liv
L_ENSMUSG00000025921,liv
L_ENSMUSG00000025934,liv
L_ENSMUSG00000026473,liv
L_ENSMUSG00000026688,liv
L_ENSMUSG00000027559,liv
L_ENSMUSG00000027618,liv
L_ENSMUSG00000027750,liv
L_ENSMUSG00000027792,liv
L_ENSMUSG00000027870,liv
L_ENSMUSG00000027951,liv
L_ENSMUSG00000027984,liv
L_ENSMUSG00000028359,liv
L_ENSMUSG00000028464,liv
L_ENSMUSG00000028692,liv
L_ENSMUSG00000028995,liv
L_ENSMUSG00000029201,liv
L_ENSMUSG00000029260,liv
L_ENSMUSG00000029656,liv
L_ENSMUSG00000030513,liv
L_ENSMUSG00000030590,liv
L_ENSMUSG00000031521,liv
L_ENSMUSG00000031703,liv
L_ENSMUSG00000031877,liv
L_ENSMUSG00000031886,liv
L_ENSMUSG00000031924,liv
L_ENSMUSG00000031938,liv
L_ENSMUSG00000031980,liv
L_ENSMUSG00000032420,liv
L_ENSMUSG00000032808,liv
L_ENSMUSG00000033096,liv
L_ENSMUSG00000033114,liv
L_ENSMUSG00000034285,liv
L_ENSMUSG00000034371,liv
L_ENSMUSG00000035473,liv
L_ENSMUSG00000035948,liv
L_ENSMUSG00000036281,liv
L_ENSMUSG00000036309,liv
L_ENSMUSG00000038092,liv
L_ENSMUSG00000038768,liv
L_ENSMUSG00000039047,liv
L_ENSMUSG00000039246,liv
L_ENSMUSG00000039323,liv
L_ENSMUSG00000040147,liv
L_ENSMUSG00000040181,liv
L_ENSMUSG00000040466,liv
L_ENSMUSG00000040562,liv
L_ENSMUSG00000040583,liv
L_ENSMUSG00000040660,liv
L_ENSMUSG00000040891,liv
L_ENSMUSG00000040997,liv
L_ENSMUSG00000041028,liv
L_ENSMUSG00000041333,liv
L_ENSMUSG00000046364,liv
L_ENSMUSG00000046574,liv
L_ENSMUSG00000046598,liv
L_ENSMUSG00000047675,liv
L_ENSMUSG00000050103,liv
L_ENSMUSG00000053279,liv
L_ENSMUSG00000053898,liv
L_ENSMUSG00000054422,liv
L_ENSMUSG00000054733,liv
L_ENSMUSG00000054757,liv
L_ENSMUSG00000056698,liv
L_ENSMUSG00000057036,liv
L_ENSMUSG00000057074,liv
L_ENSMUSG00000058076,liv
L_ENSMUSG00000058207,liv
L_ENSMUSG00000058523,liv
L_ENSMUSG00000058838,liv
L_ENSMUSG00000059248,liv
L_ENSMUSG00000060002,liv
L_ENSMUSG00000060036,liv
L_ENSMUSG00000060548,liv
L_ENSMUSG00000061669,liv
L_ENSMUSG00000061838,liv
L_ENSMUSG00000063354,liv
L_ENSMUSG00000063457,liv
L_ENSMUSG00000063558,liv
L_ENSMUSG00000063931,liv
L_ENSMUSG00000064373,liv
L_ENSMUSG00000066362,liv
L_ENSMUSG00000066629,liv
L_ENSMUSG00000067656,liv
L_ENSMUSG00000068262,liv
L_ENSMUSG00000069972,liv
L_ENSMUSG00000070704,liv
L_ENSMUSG00000071551,liv
L_ENSMUSG00000072664,liv
L_ENSMUSG00000072692,liv
L_ENSMUSG00000074240,liv
L_ENSMUSG00000075044,liv
L_ENSMUSG00000078597,liv
L_ENSMUSG00000081400,liv
L_ENSMUSG00000082895,liv
L_ENSMUSG00000083011,liv
L_ENSMUSG00000084131,liv
L_ENSMUSG00000084349,liv
L_ENSMUSG00000087579,liv
L_ENSMUSG00000090862,liv
L_ENSMUSG00000091867,liv
L_ENSMUSG00000096215,liv
L_ENSMUSG00000099471,liv
L_ENSMUSG00000107176,liv
L_ENSMUSG00000109089,liv
I_ENSMUSG00000002831,ile
I_ENSMUSG00000004951,ile
I_ENSMUSG00000012705,ile
I_ENSMUSG00000019326,ile
I_ENSMUSG00000020321,ile
I_ENSMUSG00000021268,ile
I_ENSMUSG00000022878,ile
I_ENSMUSG00000023021,ile
I_ENSMUSG00000023484,ile
I_ENSMUSG00000026678,ile
I_ENSMUSG00000027221,ile
I_ENSMUSG00000027559,ile
I_ENSMUSG00000029082,ile
I_ENSMUSG00000029223,ile
I_ENSMUSG00000031373,ile
I_ENSMUSG00000032076,ile
I_ENSMUSG00000033849,ile
I_ENSMUSG00000037071,ile
I_ENSMUSG00000039196,ile
I_ENSMUSG00000055782,ile
I_ENSMUSG00000061100,ile
I_ENSMUSG00000061780,ile
I_ENSMUSG00000067786,ile
12-KCDCA,BA
7-KCDCA,BA
a-MCA,BA
ACA,BA
b-MCA,BA
CA,BA
CDCA,BA
DCA,BA
GCA,BA
GCDCA,BA
GDCA,BA
HDCA,BA
MCA,BA
T-a-MCA,BA
T-b-MCA,BA
T-w-MCA,BA
TCA Isomers,BA
TCDCA,BA
TDCA,BA
TUDCA,BA
UCA,BA
UDCA,BA
w-MCA,BA
y-MCA,BA
A_ENSMUSG00000000134,adi
A_ENSMUSG00000000275,adi
A_ENSMUSG00000000278,adi
A_ENSMUSG00000000290,adi
A_ENSMUSG00000000318,adi
A_ENSMUSG00000000555,adi
A_ENSMUSG00000000628,adi
A_ENSMUSG00000000881,adi
A_ENSMUSG00000000957,adi
A_ENSMUSG00000001020,adi
A_ENSMUSG00000001025,adi
A_ENSMUSG00000001131,adi
A_ENSMUSG00000001175,adi
A_ENSMUSG00000001211,adi
A_ENSMUSG00000001270,adi
A_ENSMUSG00000001473,adi
A_ENSMUSG00000001506,adi
A_ENSMUSG00000001507,adi
A_ENSMUSG00000001525,adi
A_ENSMUSG00000001552,adi
A_ENSMUSG00000001657,adi
A_ENSMUSG00000001661,adi
A_ENSMUSG00000001729,adi
A_ENSMUSG00000001750,adi
A_ENSMUSG00000001865,adi
A_ENSMUSG00000001911,adi
A_ENSMUSG00000001918,adi
A_ENSMUSG00000002111,adi
A_ENSMUSG00000002233,adi
A_ENSMUSG00000002550,adi
A_ENSMUSG00000002602,adi
A_ENSMUSG00000002603,adi
A_ENSMUSG00000002831,adi
A_ENSMUSG00000002980,adi
A_ENSMUSG00000003123,adi
A_ENSMUSG00000003283,adi
A_ENSMUSG00000003363,adi
A_ENSMUSG00000003812,adi
A_ENSMUSG00000003873,adi
A_ENSMUSG00000003882,adi
A_ENSMUSG00000004056,adi
A_ENSMUSG00000004207,adi
A_ENSMUSG00000004394,adi
A_ENSMUSG00000004530,adi
A_ENSMUSG00000004558,adi
A_ENSMUSG00000004631,adi
A_ENSMUSG00000004655,adi
A_ENSMUSG00000004707,adi
A_ENSMUSG00000004730,adi
A_ENSMUSG00000004933,adi
A_ENSMUSG00000004952,adi
A_ENSMUSG00000005054,adi
A_ENSMUSG00000005087,adi
A_ENSMUSG00000005103,adi
A_ENSMUSG00000005125,adi
A_ENSMUSG00000005142,adi
A_ENSMUSG00000005312,adi
A_ENSMUSG00000005360,adi
A_ENSMUSG00000005410,adi
A_ENSMUSG00000005413,adi
A_ENSMUSG00000005417,adi
A_ENSMUSG00000005442,adi
A_ENSMUSG00000006219,adi
A_ENSMUSG00000006273,adi
A_ENSMUSG00000006304,adi
A_ENSMUSG00000006356,adi
A_ENSMUSG00000006519,adi
A_ENSMUSG00000006585,adi
A_ENSMUSG00000006589,adi
A_ENSMUSG00000007041,adi
A_ENSMUSG00000007891,adi
A_ENSMUSG00000008475,adi
A_ENSMUSG00000008540,adi
A_ENSMUSG00000008575,adi
A_ENSMUSG00000009633,adi
A_ENSMUSG00000009687,adi
A_ENSMUSG00000009905,adi
A_ENSMUSG00000010607,adi
A_ENSMUSG00000011148,adi
A_ENSMUSG00000011382,adi
A_ENSMUSG00000012705,adi
A_ENSMUSG00000013707,adi
A_ENSMUSG00000013846,adi
A_ENSMUSG00000014077,adi
A_ENSMUSG00000014313,adi
A_ENSMUSG00000014686,adi
A_ENSMUSG00000015112,adi
A_ENSMUSG00000015143,adi
A_ENSMUSG00000015340,adi
A_ENSMUSG00000015355,adi
A_ENSMUSG00000015745,adi
A_ENSMUSG00000015947,adi
A_ENSMUSG00000015950,adi
A_ENSMUSG00000016256,adi
A_ENSMUSG00000016534,adi
A_ENSMUSG00000017400,adi
A_ENSMUSG00000017417,adi
A_ENSMUSG00000017493,adi
A_ENSMUSG00000017760,adi
A_ENSMUSG00000017781,adi
A_ENSMUSG00000017929,adi
A_ENSMUSG00000018008,adi
A_ENSMUSG00000018217,adi
A_ENSMUSG00000018286,adi
A_ENSMUSG00000018417,adi
A_ENSMUSG00000018474,adi
A_ENSMUSG00000018566,adi
A_ENSMUSG00000018770,adi
A_ENSMUSG00000018774,adi
A_ENSMUSG00000018920,adi
A_ENSMUSG00000018927,adi
A_ENSMUSG00000018965,adi
A_ENSMUSG00000019087,adi
A_ENSMUSG00000019088,adi
A_ENSMUSG00000019122,adi
A_ENSMUSG00000019132,adi
A_ENSMUSG00000019173,adi
A_ENSMUSG00000019302,adi
A_ENSMUSG00000019326,adi
A_ENSMUSG00000019558,adi
A_ENSMUSG00000019818,adi
A_ENSMUSG00000019820,adi
A_ENSMUSG00000019823,adi
A_ENSMUSG00000019872,adi
A_ENSMUSG00000019876,adi
A_ENSMUSG00000020022,adi
A_ENSMUSG00000020044,adi
A_ENSMUSG00000020053,adi
A_ENSMUSG00000020097,adi
A_ENSMUSG00000020098,adi
A_ENSMUSG00000020100,adi
A_ENSMUSG00000020101,adi
A_ENSMUSG00000020120,adi
A_ENSMUSG00000020143,adi
A_ENSMUSG00000020150,adi
A_ENSMUSG00000020154,adi
A_ENSMUSG00000020189,adi
A_ENSMUSG00000020190,adi
A_ENSMUSG00000020250,adi
A_ENSMUSG00000020312,adi
A_ENSMUSG00000020321,adi
A_ENSMUSG00000020340,adi
A_ENSMUSG00000020388,adi
A_ENSMUSG00000020422,adi
A_ENSMUSG00000020437,adi
A_ENSMUSG00000020458,adi
A_ENSMUSG00000020460,adi
A_ENSMUSG00000020476,adi
A_ENSMUSG00000020532,adi
A_ENSMUSG00000020538,adi
A_ENSMUSG00000020593,adi
A_ENSMUSG00000020611,adi
A_ENSMUSG00000020654,adi
A_ENSMUSG00000020658,adi
A_ENSMUSG00000020661,adi
A_ENSMUSG00000020674,adi
A_ENSMUSG00000020773,adi
A_ENSMUSG00000020777,adi
A_ENSMUSG00000020818,adi
A_ENSMUSG00000020846,adi
A_ENSMUSG00000020900,adi
A_ENSMUSG00000021033,adi
A_ENSMUSG00000021037,adi
A_ENSMUSG00000021069,adi
A_ENSMUSG00000021097,adi
A_ENSMUSG00000021136,adi
A_ENSMUSG00000021156,adi
A_ENSMUSG00000021190,adi
A_ENSMUSG00000021218,adi
A_ENSMUSG00000021238,adi
A_ENSMUSG00000021262,adi
A_ENSMUSG00000021268,adi
A_ENSMUSG00000021281,adi
A_ENSMUSG00000021306,adi
A_ENSMUSG00000021403,adi
A_ENSMUSG00000021451,adi
A_ENSMUSG00000021457,adi
A_ENSMUSG00000021458,adi
A_ENSMUSG00000021460,adi
A_ENSMUSG00000021466,adi
A_ENSMUSG00000021477,adi
A_ENSMUSG00000021508,adi
A_ENSMUSG00000021549,adi
A_ENSMUSG00000021552,adi
A_ENSMUSG00000021624,adi
A_ENSMUSG00000021662,adi
A_ENSMUSG00000021701,adi
A_ENSMUSG00000021745,adi
A_ENSMUSG00000021771,adi
A_ENSMUSG00000021779,adi
A_ENSMUSG00000021792,adi
A_ENSMUSG00000021892,adi
A_ENSMUSG00000021939,adi
A_ENSMUSG00000021948,adi
A_ENSMUSG00000021996,adi
A_ENSMUSG00000021998,adi
A_ENSMUSG00000022037,adi
A_ENSMUSG00000022040,adi
A_ENSMUSG00000022096,adi
A_ENSMUSG00000022102,adi
A_ENSMUSG00000022148,adi
A_ENSMUSG00000022181,adi
A_ENSMUSG00000022197,adi
A_ENSMUSG00000022225,adi
A_ENSMUSG00000022231,adi
A_ENSMUSG00000022295,adi
A_ENSMUSG00000022303,adi
A_ENSMUSG00000022305,adi
A_ENSMUSG00000022415,adi
A_ENSMUSG00000022469,adi
A_ENSMUSG00000022488,adi
A_ENSMUSG00000022490,adi
A_ENSMUSG00000022546,adi
A_ENSMUSG00000022565,adi
A_ENSMUSG00000022667,adi
A_ENSMUSG00000022698,adi
A_ENSMUSG00000022708,adi
A_ENSMUSG00000022816,adi
A_ENSMUSG00000022831,adi
A_ENSMUSG00000022836,adi
A_ENSMUSG00000022841,adi
A_ENSMUSG00000022878,adi
A_ENSMUSG00000022884,adi
A_ENSMUSG00000022969,adi
A_ENSMUSG00000022973,adi
A_ENSMUSG00000022994,adi
A_ENSMUSG00000023044,adi
A_ENSMUSG00000023048,adi
A_ENSMUSG00000023143,adi
A_ENSMUSG00000023169,adi
A_ENSMUSG00000023826,adi
A_ENSMUSG00000023830,adi
A_ENSMUSG00000023913,adi
A_ENSMUSG00000023921,adi
A_ENSMUSG00000023990,adi
A_ENSMUSG00000023992,adi
A_ENSMUSG00000023994,adi
A_ENSMUSG00000024083,adi
A_ENSMUSG00000024087,adi
A_ENSMUSG00000024121,adi
A_ENSMUSG00000024132,adi
A_ENSMUSG00000024140,adi
A_ENSMUSG00000024300,adi
A_ENSMUSG00000024381,adi
A_ENSMUSG00000024395,adi
A_ENSMUSG00000024413,adi
A_ENSMUSG00000024456,adi
A_ENSMUSG00000024601,adi
A_ENSMUSG00000024621,adi
A_ENSMUSG00000024646,adi
A_ENSMUSG00000024659,adi
A_ENSMUSG00000024660,adi
A_ENSMUSG00000024661,adi
A_ENSMUSG00000024663,adi
A_ENSMUSG00000024672,adi
A_ENSMUSG00000024679,adi
A_ENSMUSG00000024691,adi
A_ENSMUSG00000024696,adi
A_ENSMUSG00000024725,adi
A_ENSMUSG00000024737,adi
A_ENSMUSG00000024742,adi
A_ENSMUSG00000024781,adi
A_ENSMUSG00000024858,adi
A_ENSMUSG00000024892,adi
A_ENSMUSG00000024962,adi
A_ENSMUSG00000024965,adi
A_ENSMUSG00000024972,adi
A_ENSMUSG00000024978,adi
A_ENSMUSG00000024990,adi
A_ENSMUSG00000025006,adi
A_ENSMUSG00000025017,adi
A_ENSMUSG00000025044,adi
A_ENSMUSG00000025085,adi
A_ENSMUSG00000025132,adi
A_ENSMUSG00000025178,adi
A_ENSMUSG00000025232,adi
A_ENSMUSG00000025271,adi
A_ENSMUSG00000025314,adi
A_ENSMUSG00000025337,adi
A_ENSMUSG00000025351,adi
A_ENSMUSG00000025355,adi
A_ENSMUSG00000025393,adi
A_ENSMUSG00000025465,adi
A_ENSMUSG00000025473,adi
A_ENSMUSG00000025534,adi
A_ENSMUSG00000025545,adi
A_ENSMUSG00000025558,adi
A_ENSMUSG00000025574,adi
A_ENSMUSG00000025647,adi
A_ENSMUSG00000025648,adi
A_ENSMUSG00000025743,adi
A_ENSMUSG00000025766,adi
A_ENSMUSG00000025791,adi
A_ENSMUSG00000025877,adi
A_ENSMUSG00000025888,adi
A_ENSMUSG00000025911,adi
A_ENSMUSG00000025969,adi
A_ENSMUSG00000026042,adi
A_ENSMUSG00000026043,adi
A_ENSMUSG00000026123,adi
A_ENSMUSG00000026126,adi
A_ENSMUSG00000026131,adi
A_ENSMUSG00000026177,adi
A_ENSMUSG00000026185,adi
A_ENSMUSG00000026203,adi
A_ENSMUSG00000026207,adi
A_ENSMUSG00000026317,adi
A_ENSMUSG00000026321,adi
A_ENSMUSG00000026341,adi
A_ENSMUSG00000026355,adi
A_ENSMUSG00000026358,adi
A_ENSMUSG00000026360,adi
A_ENSMUSG00000026383,adi
A_ENSMUSG00000026389,adi
A_ENSMUSG00000026395,adi
A_ENSMUSG00000026437,adi
A_ENSMUSG00000026463,adi
A_ENSMUSG00000026526,adi
A_ENSMUSG00000026547,adi
A_ENSMUSG00000026554,adi
A_ENSMUSG00000026568,adi
A_ENSMUSG00000026600,adi
A_ENSMUSG00000026604,adi
A_ENSMUSG00000026628,adi
A_ENSMUSG00000026701,adi
A_ENSMUSG00000026712,adi
A_ENSMUSG00000026773,adi
A_ENSMUSG00000026786,adi
A_ENSMUSG00000026796,adi
A_ENSMUSG00000026834,adi
A_ENSMUSG00000026956,adi
A_ENSMUSG00000026958,adi
A_ENSMUSG00000026981,adi
A_ENSMUSG00000027030,adi
A_ENSMUSG00000027068,adi
A_ENSMUSG00000027221,adi
A_ENSMUSG00000027255,adi
A_ENSMUSG00000027293,adi
A_ENSMUSG00000027342,adi
A_ENSMUSG00000027351,adi
A_ENSMUSG00000027386,adi
A_ENSMUSG00000027423,adi
A_ENSMUSG00000027435,adi
A_ENSMUSG00000027506,adi
A_ENSMUSG00000027513,adi
A_ENSMUSG00000027546,adi
A_ENSMUSG00000027559,adi
A_ENSMUSG00000027602,adi
A_ENSMUSG00000027611,adi
A_ENSMUSG00000027678,adi
A_ENSMUSG00000027698,adi
A_ENSMUSG00000027750,adi
A_ENSMUSG00000027762,adi
A_ENSMUSG00000027792,adi
A_ENSMUSG00000027852,adi
A_ENSMUSG00000027883,adi
A_ENSMUSG00000027940,adi
A_ENSMUSG00000027984,adi
A_ENSMUSG00000027999,adi
A_ENSMUSG00000028057,adi
A_ENSMUSG00000028063,adi
A_ENSMUSG00000028068,adi
A_ENSMUSG00000028076,adi
A_ENSMUSG00000028111,adi
A_ENSMUSG00000028238,adi
A_ENSMUSG00000028249,adi
A_ENSMUSG00000028367,adi
A_ENSMUSG00000028399,adi
A_ENSMUSG00000028459,adi
A_ENSMUSG00000028465,adi
A_ENSMUSG00000028494,adi
A_ENSMUSG00000028497,adi
A_ENSMUSG00000028551,adi
A_ENSMUSG00000028581,adi
A_ENSMUSG00000028599,adi
A_ENSMUSG00000028603,adi
A_ENSMUSG00000028656,adi
A_ENSMUSG00000028691,adi
A_ENSMUSG00000028692,adi
A_ENSMUSG00000028745,adi
A_ENSMUSG00000028822,adi
A_ENSMUSG00000028843,adi
A_ENSMUSG00000028917,adi
A_ENSMUSG00000028926,adi
A_ENSMUSG00000028931,adi
A_ENSMUSG00000028978,adi
A_ENSMUSG00000028980,adi
A_ENSMUSG00000028996,adi
A_ENSMUSG00000029082,adi
A_ENSMUSG00000029094,adi
A_ENSMUSG00000029175,adi
A_ENSMUSG00000029291,adi
A_ENSMUSG00000029304,adi
A_ENSMUSG00000029373,adi
A_ENSMUSG00000029465,adi
A_ENSMUSG00000029470,adi
A_ENSMUSG00000029482,adi
A_ENSMUSG00000029560,adi
A_ENSMUSG00000029580,adi
A_ENSMUSG00000029622,adi
A_ENSMUSG00000029632,adi
A_ENSMUSG00000029648,adi
A_ENSMUSG00000029661,adi
A_ENSMUSG00000029669,adi
A_ENSMUSG00000029718,adi
A_ENSMUSG00000029762,adi
A_ENSMUSG00000029771,adi
A_ENSMUSG00000029776,adi
A_ENSMUSG00000029816,adi
A_ENSMUSG00000029833,adi
A_ENSMUSG00000029840,adi
A_ENSMUSG00000029919,adi
A_ENSMUSG00000029925,adi
A_ENSMUSG00000029994,adi
A_ENSMUSG00000030022,adi
A_ENSMUSG00000030047,adi
A_ENSMUSG00000030067,adi
A_ENSMUSG00000030096,adi
A_ENSMUSG00000030108,adi
A_ENSMUSG00000030116,adi
A_ENSMUSG00000030134,adi
A_ENSMUSG00000030144,adi
A_ENSMUSG00000030148,adi
A_ENSMUSG00000030168,adi
A_ENSMUSG00000030220,adi
A_ENSMUSG00000030223,adi
A_ENSMUSG00000030246,adi
A_ENSMUSG00000030255,adi
A_ENSMUSG00000030263,adi
A_ENSMUSG00000030272,adi
A_ENSMUSG00000030278,adi
A_ENSMUSG00000030317,adi
A_ENSMUSG00000030329,adi
A_ENSMUSG00000030342,adi
A_ENSMUSG00000030427,adi
A_ENSMUSG00000030447,adi
A_ENSMUSG00000030516,adi
A_ENSMUSG00000030536,adi
A_ENSMUSG00000030545,adi
A_ENSMUSG00000030546,adi
A_ENSMUSG00000030579,adi
A_ENSMUSG00000030630,adi
A_ENSMUSG00000030647,adi
A_ENSMUSG00000030671,adi
A_ENSMUSG00000030707,adi
A_ENSMUSG00000030737,adi
A_ENSMUSG00000030760,adi
A_ENSMUSG00000030774,adi
A_ENSMUSG00000030786,adi
A_ENSMUSG00000030789,adi
A_ENSMUSG00000030798,adi
A_ENSMUSG00000030844,adi
A_ENSMUSG00000030867,adi
A_ENSMUSG00000030894,adi
A_ENSMUSG00000031004,adi
A_ENSMUSG00000031007,adi
A_ENSMUSG00000031101,adi
A_ENSMUSG00000031146,adi
A_ENSMUSG00000031207,adi
A_ENSMUSG00000031216,adi
A_ENSMUSG00000031264,adi
A_ENSMUSG00000031283,adi
A_ENSMUSG00000031342,adi
A_ENSMUSG00000031355,adi
A_ENSMUSG00000031373,adi
A_ENSMUSG00000031375,adi
A_ENSMUSG00000031378,adi
A_ENSMUSG00000031387,adi
A_ENSMUSG00000031434,adi
A_ENSMUSG00000031438,adi
A_ENSMUSG00000031447,adi
A_ENSMUSG00000031489,adi
A_ENSMUSG00000031490,adi
A_ENSMUSG00000031506,adi
A_ENSMUSG00000031523,adi
A_ENSMUSG00000031591,adi
A_ENSMUSG00000031659,adi
A_ENSMUSG00000031661,adi
A_ENSMUSG00000031740,adi
A_ENSMUSG00000031785,adi
A_ENSMUSG00000031827,adi
A_ENSMUSG00000031838,adi
A_ENSMUSG00000031903,adi
A_ENSMUSG00000031934,adi
A_ENSMUSG00000031963,adi
A_ENSMUSG00000032011,adi
A_ENSMUSG00000032020,adi
A_ENSMUSG00000032046,adi
A_ENSMUSG00000032047,adi
A_ENSMUSG00000032076,adi
A_ENSMUSG00000032089,adi
A_ENSMUSG00000032122,adi
A_ENSMUSG00000032125,adi
A_ENSMUSG00000032216,adi
A_ENSMUSG00000032220,adi
A_ENSMUSG00000032254,adi
A_ENSMUSG00000032294,adi
A_ENSMUSG00000032311,adi
A_ENSMUSG00000032359,adi
A_ENSMUSG00000032437,adi
A_ENSMUSG00000032527,adi
A_ENSMUSG00000032531,adi
A_ENSMUSG00000032643,adi
A_ENSMUSG00000032698,adi
A_ENSMUSG00000032702,adi
A_ENSMUSG00000032725,adi
A_ENSMUSG00000032741,adi
A_ENSMUSG00000032802,adi
A_ENSMUSG00000032870,adi
A_ENSMUSG00000032898,adi
A_ENSMUSG00000032946,adi
A_ENSMUSG00000033022,adi
A_ENSMUSG00000033060,adi
A_ENSMUSG00000033066,adi
A_ENSMUSG00000033161,adi
A_ENSMUSG00000033174,adi
A_ENSMUSG00000033207,adi
A_ENSMUSG00000033220,adi
A_ENSMUSG00000033307,adi
A_ENSMUSG00000033377,adi
A_ENSMUSG00000033379,adi
A_ENSMUSG00000033386,adi
A_ENSMUSG00000033576,adi
A_ENSMUSG00000033581,adi
A_ENSMUSG00000033777,adi
A_ENSMUSG00000033825,adi
A_ENSMUSG00000033849,adi
A_ENSMUSG00000034006,adi
A_ENSMUSG00000034116,adi
A_ENSMUSG00000034165,adi
A_ENSMUSG00000034226,adi
A_ENSMUSG00000034265,adi
A_ENSMUSG00000034424,adi
A_ENSMUSG00000034593,adi
A_ENSMUSG00000034595,adi
A_ENSMUSG00000034612,adi
A_ENSMUSG00000034641,adi
A_ENSMUSG00000034652,adi
A_ENSMUSG00000034707,adi
A_ENSMUSG00000034708,adi
A_ENSMUSG00000034781,adi
A_ENSMUSG00000034807,adi
A_ENSMUSG00000034810,adi
A_ENSMUSG00000034842,adi
A_ENSMUSG00000034854,adi
A_ENSMUSG00000034902,adi
A_ENSMUSG00000034947,adi
A_ENSMUSG00000034993,adi
A_ENSMUSG00000035000,adi
A_ENSMUSG00000035004,adi
A_ENSMUSG00000035158,adi
A_ENSMUSG00000035181,adi
A_ENSMUSG00000035199,adi
A_ENSMUSG00000035448,adi
A_ENSMUSG00000035637,adi
A_ENSMUSG00000035642,adi
A_ENSMUSG00000035686,adi
A_ENSMUSG00000035697,adi
A_ENSMUSG00000035711,adi
A_ENSMUSG00000035783,adi
A_ENSMUSG00000035828,adi
A_ENSMUSG00000035885,adi
A_ENSMUSG00000035891,adi
A_ENSMUSG00000035936,adi
A_ENSMUSG00000036046,adi
A_ENSMUSG00000036086,adi
A_ENSMUSG00000036241,adi
A_ENSMUSG00000036246,adi
A_ENSMUSG00000036395,adi
A_ENSMUSG00000036427,adi
A_ENSMUSG00000036446,adi
A_ENSMUSG00000036545,adi
A_ENSMUSG00000036611,adi
A_ENSMUSG00000036617,adi
A_ENSMUSG00000036622,adi
A_ENSMUSG00000036636,adi
A_ENSMUSG00000036887,adi
A_ENSMUSG00000036896,adi
A_ENSMUSG00000036905,adi
A_ENSMUSG00000036932,adi
A_ENSMUSG00000036943,adi
A_ENSMUSG00000036985,adi
A_ENSMUSG00000037071,adi
A_ENSMUSG00000037086,adi
A_ENSMUSG00000037148,adi
A_ENSMUSG00000037280,adi
A_ENSMUSG00000037295,adi
A_ENSMUSG00000037306,adi
A_ENSMUSG00000037493,adi
A_ENSMUSG00000037706,adi
A_ENSMUSG00000037709,adi
A_ENSMUSG00000037712,adi
A_ENSMUSG00000037731,adi
A_ENSMUSG00000037805,adi
A_ENSMUSG00000037860,adi
A_ENSMUSG00000037868,adi
A_ENSMUSG00000037876,adi
A_ENSMUSG00000037894,adi
A_ENSMUSG00000037902,adi
A_ENSMUSG00000037907,adi
A_ENSMUSG00000037946,adi
A_ENSMUSG00000037960,adi
A_ENSMUSG00000038034,adi
A_ENSMUSG00000038147,adi
A_ENSMUSG00000038150,adi
A_ENSMUSG00000038178,adi
A_ENSMUSG00000038179,adi
A_ENSMUSG00000038366,adi
A_ENSMUSG00000038387,adi
A_ENSMUSG00000038508,adi
A_ENSMUSG00000038515,adi
A_ENSMUSG00000038587,adi
A_ENSMUSG00000038612,adi
A_ENSMUSG00000038642,adi
A_ENSMUSG00000038650,adi
A_ENSMUSG00000038700,adi
A_ENSMUSG00000038910,adi
A_ENSMUSG00000039062,adi
A_ENSMUSG00000039063,adi
A_ENSMUSG00000039103,adi
A_ENSMUSG00000039145,adi
A_ENSMUSG00000039159,adi
A_ENSMUSG00000039193,adi
A_ENSMUSG00000039196,adi
A_ENSMUSG00000039206,adi
A_ENSMUSG00000039208,adi
A_ENSMUSG00000039347,adi
A_ENSMUSG00000039349,adi
A_ENSMUSG00000039474,adi
A_ENSMUSG00000039518,adi
A_ENSMUSG00000039680,adi
A_ENSMUSG00000039936,adi
A_ENSMUSG00000039981,adi
A_ENSMUSG00000040006,adi
A_ENSMUSG00000040043,adi
A_ENSMUSG00000040147,adi
A_ENSMUSG00000040212,adi
A_ENSMUSG00000040219,adi
A_ENSMUSG00000040249,adi
A_ENSMUSG00000040253,adi
A_ENSMUSG00000040274,adi
A_ENSMUSG00000040345,adi
A_ENSMUSG00000040466,adi
A_ENSMUSG00000040479,adi
A_ENSMUSG00000040528,adi
A_ENSMUSG00000040552,adi
A_ENSMUSG00000040562,adi
A_ENSMUSG00000040564,adi
A_ENSMUSG00000040613,adi
A_ENSMUSG00000040659,adi
A_ENSMUSG00000040711,adi
A_ENSMUSG00000040713,adi
A_ENSMUSG00000040722,adi
A_ENSMUSG00000040747,adi
A_ENSMUSG00000040751,adi
A_ENSMUSG00000040907,adi
A_ENSMUSG00000041235,adi
A_ENSMUSG00000041362,adi
A_ENSMUSG00000041426,adi
A_ENSMUSG00000041515,adi
A_ENSMUSG00000041737,adi
A_ENSMUSG00000041836,adi
A_ENSMUSG00000041881,adi
A_ENSMUSG00000041957,adi
A_ENSMUSG00000042129,adi
A_ENSMUSG00000042254,adi
A_ENSMUSG00000042284,adi
A_ENSMUSG00000042331,adi
A_ENSMUSG00000042349,adi
A_ENSMUSG00000042404,adi
A_ENSMUSG00000042476,adi
A_ENSMUSG00000042672,adi
A_ENSMUSG00000042745,adi
A_ENSMUSG00000042770,adi
A_ENSMUSG00000042842,adi
A_ENSMUSG00000043004,adi
A_ENSMUSG00000043068,adi
A_ENSMUSG00000043091,adi
A_ENSMUSG00000043122,adi
A_ENSMUSG00000043157,adi
A_ENSMUSG00000043421,adi
A_ENSMUSG00000043613,adi
A_ENSMUSG00000043733,adi
A_ENSMUSG00000043895,adi
A_ENSMUSG00000044042,adi
A_ENSMUSG00000044167,adi
A_ENSMUSG00000044285,adi
A_ENSMUSG00000044405,adi
A_ENSMUSG00000044583,adi
A_ENSMUSG00000044811,adi
A_ENSMUSG00000045038,adi
A_ENSMUSG00000045312,adi
A_ENSMUSG00000045636,adi
A_ENSMUSG00000045763,adi
A_ENSMUSG00000045980,adi
A_ENSMUSG00000046223,adi
A_ENSMUSG00000046329,adi
A_ENSMUSG00000046532,adi
A_ENSMUSG00000046711,adi
A_ENSMUSG00000046727,adi
A_ENSMUSG00000046805,adi
A_ENSMUSG00000047126,adi
A_ENSMUSG00000047409,adi
A_ENSMUSG00000047534,adi
A_ENSMUSG00000047793,adi
A_ENSMUSG00000047866,adi
A_ENSMUSG00000048142,adi
A_ENSMUSG00000048277,adi
A_ENSMUSG00000048490,adi
A_ENSMUSG00000048612,adi
A_ENSMUSG00000048677,adi
A_ENSMUSG00000048779,adi
A_ENSMUSG00000048807,adi
A_ENSMUSG00000048865,adi
A_ENSMUSG00000048960,adi
A_ENSMUSG00000049130,adi
A_ENSMUSG00000049241,adi
A_ENSMUSG00000049521,adi
A_ENSMUSG00000049598,adi
A_ENSMUSG00000049723,adi
A_ENSMUSG00000049791,adi
A_ENSMUSG00000049988,adi
A_ENSMUSG00000050335,adi
A_ENSMUSG00000050390,adi
A_ENSMUSG00000050556,adi
A_ENSMUSG00000050708,adi
A_ENSMUSG00000050721,adi
A_ENSMUSG00000050856,adi
A_ENSMUSG00000051343,adi
A_ENSMUSG00000051439,adi
A_ENSMUSG00000051506,adi
A_ENSMUSG00000051586,adi
A_ENSMUSG00000051735,adi
A_ENSMUSG00000052305,adi
A_ENSMUSG00000052384,adi
A_ENSMUSG00000052459,adi
A_ENSMUSG00000052593,adi
A_ENSMUSG00000052681,adi
A_ENSMUSG00000052688,adi
A_ENSMUSG00000052698,adi
A_ENSMUSG00000052776,adi
A_ENSMUSG00000052889,adi
A_ENSMUSG00000053040,adi
A_ENSMUSG00000053063,adi
A_ENSMUSG00000053110,adi
A_ENSMUSG00000053158,adi
A_ENSMUSG00000053279,adi
A_ENSMUSG00000053398,adi
A_ENSMUSG00000053687,adi
A_ENSMUSG00000053898,adi
A_ENSMUSG00000054342,adi
A_ENSMUSG00000054428,adi
A_ENSMUSG00000054474,adi
A_ENSMUSG00000054520,adi
A_ENSMUSG00000054556,adi
A_ENSMUSG00000054619,adi
A_ENSMUSG00000055093,adi
A_ENSMUSG00000055254,adi
A_ENSMUSG00000055541,adi
A_ENSMUSG00000055737,adi
A_ENSMUSG00000055782,adi
A_ENSMUSG00000055805,adi
A_ENSMUSG00000055980,adi
A_ENSMUSG00000056124,adi
A_ENSMUSG00000056201,adi
A_ENSMUSG00000056394,adi
A_ENSMUSG00000056492,adi
A_ENSMUSG00000056515,adi
A_ENSMUSG00000056529,adi
A_ENSMUSG00000056602,adi
A_ENSMUSG00000056666,adi
A_ENSMUSG00000056708,adi
A_ENSMUSG00000056737,adi
A_ENSMUSG00000056758,adi
A_ENSMUSG00000056888,adi
A_ENSMUSG00000056973,adi
A_ENSMUSG00000057342,adi
A_ENSMUSG00000057762,adi
A_ENSMUSG00000058099,adi
A_ENSMUSG00000058126,adi
A_ENSMUSG00000058135,adi
A_ENSMUSG00000058492,adi
A_ENSMUSG00000058715,adi
A_ENSMUSG00000058818,adi
A_ENSMUSG00000058835,adi
A_ENSMUSG00000058838,adi
A_ENSMUSG00000059089,adi
A_ENSMUSG00000059182,adi
A_ENSMUSG00000059195,adi
A_ENSMUSG00000059479,adi
A_ENSMUSG00000059498,adi
A_ENSMUSG00000059923,adi
A_ENSMUSG00000060002,adi
A_ENSMUSG00000060063,adi
A_ENSMUSG00000060131,adi
A_ENSMUSG00000060147,adi
A_ENSMUSG00000060216,adi
A_ENSMUSG00000060429,adi
A_ENSMUSG00000060594,adi
A_ENSMUSG00000060739,adi
A_ENSMUSG00000060981,adi
A_ENSMUSG00000061100,adi
A_ENSMUSG00000061132,adi
A_ENSMUSG00000061175,adi
A_ENSMUSG00000061288,adi
A_ENSMUSG00000061540,adi
A_ENSMUSG00000061689,adi
A_ENSMUSG00000061780,adi
A_ENSMUSG00000061816,adi
A_ENSMUSG00000062070,adi
A_ENSMUSG00000062082,adi
A_ENSMUSG00000062382,adi
A_ENSMUSG00000062609,adi
A_ENSMUSG00000062825,adi
A_ENSMUSG00000062960,adi
A_ENSMUSG00000063193,adi
A_ENSMUSG00000063245,adi
A_ENSMUSG00000063382,adi
A_ENSMUSG00000063558,adi
A_ENSMUSG00000063954,adi
A_ENSMUSG00000064080,adi
A_ENSMUSG00000064109,adi
A_ENSMUSG00000064373,adi
A_ENSMUSG00000065037,adi
A_ENSMUSG00000065824,adi
A_ENSMUSG00000065911,adi
A_ENSMUSG00000066361,adi
A_ENSMUSG00000066595,adi
A_ENSMUSG00000066861,adi
A_ENSMUSG00000067786,adi
A_ENSMUSG00000067818,adi
A_ENSMUSG00000067847,adi
A_ENSMUSG00000068036,adi
A_ENSMUSG00000068699,adi
A_ENSMUSG00000068747,adi
A_ENSMUSG00000068874,adi
A_ENSMUSG00000068923,adi
A_ENSMUSG00000069516,adi
A_ENSMUSG00000069793,adi
A_ENSMUSG00000069917,adi
A_ENSMUSG00000069919,adi
A_ENSMUSG00000070056,adi
A_ENSMUSG00000070462,adi
A_ENSMUSG00000071379,adi
A_ENSMUSG00000071708,adi
A_ENSMUSG00000071714,adi
A_ENSMUSG00000071715,adi
A_ENSMUSG00000071847,adi
A_ENSMUSG00000072620,adi
A_ENSMUSG00000072704,adi
A_ENSMUSG00000072812,adi
A_ENSMUSG00000073481,adi
A_ENSMUSG00000073702,adi
A_ENSMUSG00000073889,adi
A_ENSMUSG00000073940,adi
A_ENSMUSG00000073982,adi
A_ENSMUSG00000074093,adi
A_ENSMUSG00000074207,adi
A_ENSMUSG00000074264,adi
A_ENSMUSG00000074417,adi
A_ENSMUSG00000074418,adi
A_ENSMUSG00000074419,adi
A_ENSMUSG00000074622,adi
A_ENSMUSG00000074677,adi
A_ENSMUSG00000074771,adi
A_ENSMUSG00000074802,adi
A_ENSMUSG00000076432,adi
A_ENSMUSG00000078234,adi
A_ENSMUSG00000078249,adi
A_ENSMUSG00000078350,adi
A_ENSMUSG00000078485,adi
A_ENSMUSG00000078566,adi
A_ENSMUSG00000078771,adi
A_ENSMUSG00000079037,adi
A_ENSMUSG00000079293,adi
A_ENSMUSG00000079419,adi
A_ENSMUSG00000079426,adi
A_ENSMUSG00000079523,adi
A_ENSMUSG00000081665,adi
A_ENSMUSG00000081752,adi
A_ENSMUSG00000082245,adi
A_ENSMUSG00000082319,adi
A_ENSMUSG00000082361,adi
A_ENSMUSG00000082419,adi
A_ENSMUSG00000082969,adi
A_ENSMUSG00000083553,adi
A_ENSMUSG00000084416,adi
A_ENSMUSG00000084960,adi
A_ENSMUSG00000085295,adi
A_ENSMUSG00000085939,adi
A_ENSMUSG00000087382,adi
A_ENSMUSG00000089809,adi
A_ENSMUSG00000089929,adi
A_ENSMUSG00000089942,adi
A_ENSMUSG00000090150,adi
A_ENSMUSG00000091383,adi
A_ENSMUSG00000094248,adi
A_ENSMUSG00000094777,adi
A_ENSMUSG00000096956,adi
A_ENSMUSG00000097328,adi
A_ENSMUSG00000097705,adi
A_ENSMUSG00000097715,adi
A_ENSMUSG00000098112,adi
A_ENSMUSG00000101089,adi
A_ENSMUSG00000103034,adi
A_ENSMUSG00000104164,adi
A_ENSMUSG00000105021,adi
A_ENSMUSG00000106258,adi
A_ENSMUSG00000107176,adi
A_ENSMUSG00000108693,adi
A_ENSMUSG00000110126,adi
A_ENSMUSG00000110344,adi
A_ENSMUSG00000112023,adi
A_ENSMUSG00000112148,adi
A_ENSMUSG00000113326,adi
A_ENSMUSG00000115230,adi
A_ENSMUSG00000115497,adi
A_ENSMUSG00000115936,adi
A_ENSMUSG00000118353,adi